Keyword,Currency,Avg. monthly searches,Three month change,YoY change,Competition,Competition (indexed value)
عمل سيرة ذاتية,USD,5000,0%,0%,High,74
تصميم سيرة ذاتية,USD,5000,0%,0%,High,71
انشاء سيرة ذاتية,USD,5000,0%,0%,High,67
انشاء سيرة ذاتية مجانا,USD,5000,0%,0%,Medium,65
عمل cv,USD,5000,0%,0%,Medium,64
عمل سيرة ذاتية مجانا,USD,5000,0%,0%,High,75
عمل cv مجانا,USD,5000,0%,0%,High,67
انشاء cv,USD,5000,0%,0%,High,70
تصميم cv,USD,5000,0%,0%,Medium,60
عمل سيرة ذاتية بالعربي,USD,5000,-90%,-90%,Medium,43
انشاء cv مجانا,USD,5000,0%,0%,High,72
طريقة عمل cv,USD,5000,0%,0%,Medium,56
كيفية عمل cv,USD,5000,0%,0%,Medium,53
عمل سيفي,USD,5000,-90%,-90%,Medium,64
عمل cv على الموبايل pdf,USD,5000,0%,0%,Medium,41
عمل سيره ذاتيه,USD,5000,0%,0%,High,67
انشاء السيرة الذاتية,USD,5000,0%,0%,High,67
تصميم سيرة ذاتية احترافية,USD,5000,900%,-90%,Medium,59
عمل cv جاهز pdf,USD,5000,0%,0%,Low,32
عمل سيفي مجاني,USD,5000,0%,0%,High,71
عمل سيرة ذاتيه,USD,5000,0%,0%,High,67
كيفية عمل سيرة ذاتية,USD,5000,-90%,-90%,Medium,56
تصميم سيرة ذاتيه,USD,5000,0%,0%,High,71
مواقع لعمل cv,USD,5000,0%,0%,Medium,64
طريقة عمل السي في,USD,5000,0%,0%,Medium,60
برنامج عمل cv,USD,5000,-90%,-90%,High,68
مواقع لعمل السيرة الذاتية,USD,5000,0%,0%,High,74
برنامج لعمل cv,USD,5000,-90%,-90%,High,68
مواقع لعمل cv مجانا,USD,5000,0%,0%,High,67
افضل مواقع لعمل cv,USD,5000,0%,0%,Medium,64
اعمل cv,USD,5000,0%,0%,Medium,64
أفضل مواقع لعمل cv مجانًا,USD,5000,0%,0%,High,67
اعمل سيرة ذاتية,USD,5000,0%,0%,High,74
عمل سيره ذاتية,USD,5000,0%,0%,High,67
اعمل سي في,USD,5000,0%,0%,Medium,64
عمل السيرة الذاتية بالعربي,USD,5000,-90%,-90%,Medium,43
افضل المواقع لعمل السيرة الذاتية,USD,5000,0%,0%,High,74
عمل سي فى,USD,5000,0%,0%,Medium,64
أفضل مواقع لعمل cv مجانا,USD,5000,0%,0%,High,67
طريقه عملcv,USD,5000,0%,0%,Medium,56
عايز اعمل سيرة ذاتية,USD,5000,0%,0%,High,74
عايز اعمل سيره ذاتيه,USD,5000,0%,0%,High,67
عمل cv مجانًا,USD,5000,0%,0%,High,67
تصميم سيرة ذاتية بالذكاء الاصطناعي,USD,500,0%,0%,High,74
عمل سيرة ذاتية بالذكاء الاصطناعي,USD,500,0%,-99%,High,81
سيرة ذاتية بالذكاء الاصطناعي,USD,500,0%,0%,High,76
تصميم سيرة ذاتية مجانا,USD,500,0%,0%,High,77
تصميم سي في,USD,500,0%,0%,High,68
عمل cv احترافي,USD,500,900%,0%,Medium,66
عمل سيرة ذاتية احترافية,USD,500,0%,-90%,High,87
طريقة عمل سيرة ذاتية,USD,500,0%,0%,High,69
عمل cv جاهز,USD,500,0%,-90%,Medium,40
انشاء سيرة ذاتية بالعربي,USD,500,0%,0%,Medium,58
كانفا سيرة ذاتية,USD,500,0%,0%,Medium,53
عمل سيفي احترافي,USD,500,0%,0%,High,70
عمل سي في بالعربي,USD,500,0%,0%,Medium,55
انشاء سيرة ذاتيه,USD,500,0%,0%,High,78
انشاء سيفي,USD,500,0%,0%,High,69
انشئ سيرة ذاتية,USD,500,0%,-90%,High,75
انشاء cv احترافي,USD,500,0%,0%,High,74
صنع سيرة ذاتية,USD,500,0%,0%,Medium,66
تصميم سيره ذاتيه,USD,500,0%,0%,Medium,63
موقع لعمل cv,USD,500,0%,0%,Medium,63
عمل cv احترافي مجانا,USD,500,0%,0%,Medium,63
طريقة عمل cv احترافي,USD,500,0%,0%,Medium,64
افضل موقع لعمل cv,USD,500,0%,0%,High,83
موقع عمل سيرة ذاتية,USD,500,0%,0%,High,71
موقع انشاء سيرة ذاتية,USD,500,0%,0%,High,71
انشاء سيرة ذاتية احترافية مجانا,USD,500,0%,0%,High,71
كيفية عمل cv على الموبايل,USD,500,-90%,0%,Medium,38
تصميم cv مجانا,USD,500,0%,0%,High,74
موقع لعمل السيرة الذاتية,USD,500,0%,0%,High,71
طريقة عمل سيرة ذاتية احترافية,USD,500,0%,-90%,High,80
عمل cv عربي,USD,500,0%,0%,Medium,58
طريقة عمل cv مجانا,USD,500,0%,0%,Medium,62
عمل cv بالعربي,USD,500,0%,0%,Medium,58
طريقة عمل سيفي,USD,500,0%,0%,Medium,56
سيفي للعمل,USD,500,-90%,-90%,Medium,35
سيرة ذاتية بالعربي مجانا,USD,500,-90%,0%,High,68
cv عمل,USD,500,0%,0%,Medium,48
كيفية عمل سيرة ذاتية احترافية,USD,500,0%,0%,Medium,66
طريقة عمل cv بالعربي,USD,500,-90%,-90%,Medium,44
عمل cv بالانجليزي,USD,500,-90%,-90%,High,72
موقع لعمل cv مجانا,USD,500,0%,0%,High,71
عمل سيرة ذاتية pdf,USD,500,0%,0%,Medium,56
برنامج تصميم سيرة ذاتية,USD,500,-90%,-90%,Medium,54
كيفية عمل سي في احترافي,USD,500,0%,0%,High,73
عمل سي في احترافي,USD,500,0%,0%,High,80
انشاء سيفي مجانا,USD,500,0%,0%,High,78
مواقع عمل cv مجانا,USD,500,0%,0%,High,71
مواقع مجانية لعمل cv,USD,500,0%,0%,High,79
موقع عمل cv مجاني,USD,500,0%,0%,High,71
كيفية عمل cv احترافي,USD,500,0%,0%,Medium,61
مواقع عمل سي في مجانا,USD,500,0%,0%,High,74
مواقع انشاء سيرة ذاتية,USD,500,0%,0%,High,71
سيفي عمل,USD,500,-90%,-90%,Medium,35
موقع انشاء cv,USD,500,0%,0%,High,68
كيفية عمل cv للمبتدئين,USD,500,0%,-90%,Low,25
كيفية انشاء سيرة ذاتية,USD,500,0%,0%,Medium,54
مواقع عمل سيرة ذاتية,USD,500,0%,0%,High,71
