Keyword,Avg. monthly searches,Three month change,YoY change,Competition,Competition (indexed value),Top of page bid (low range),Top of page bid (high range)
vorlagen für lebensläufe,500000,0%,0%,High,83,0.92,3.27
bewerbungsschreiben,500000,-90%,-90%,Medium,49,0.52,1.7
vorlagen lebensläufe,50000,0%,0%,High,96,0.97,3.25
lebenslauf vorlagen word,50000,0%,0%,High,95,0.73,2.4
kostenlos lebenslauf vorlage,50000,0%,0%,High,82,0.93,3.14
bewerbung vorlage,50000,0%,0%,High,79,0.6,1.87
lebensläufe beispiele,50000,0%,0%,High,69,0.54,2
deckblatt bewerbung,50000,0%,0%,High,68,0.4,1.6
deckblatt bei bewerbung,50000,0%,0%,High,68,0.4,1.6
deckblatt bei einer bewerbung,50000,0%,0%,High,68,0.4,1.6
deckblatt einer bewerbung,50000,0%,0%,High,68,0.4,1.6
deckblatt für bewerbungen,50000,0%,0%,High,68,0.4,1.6
deckblatt für die bewerbung,50000,0%,0%,High,68,0.4,1.6
deckblatt zur bewerbung,50000,0%,0%,High,68,0.4,1.6
bewerbungsschreiben vorlagen,50000,0%,0%,Medium,65,0.45,1.54
bewerbungsanschreiben vorlage,50000,0%,0%,Medium,65,0.45,1.54
bewerbungsschreibenvorlage,50000,0%,0%,Medium,65,0.45,1.54
anschreiben bewerbung muster,50000,0%,0%,Medium,51,0.4,1.18
bewerbung anschreiben muster,50000,0%,0%,Medium,51,0.4,1.18
muster anschreiben bewerbung,50000,0%,0%,Medium,51,0.4,1.18
bewerbung muster anschreiben,50000,0%,0%,Medium,51,0.4,1.18
anschreiben muster bewerbung,50000,0%,0%,Medium,51,0.4,1.18
anschreiben für bewerbung muster,50000,0%,0%,Medium,51,0.4,1.18
bewerbung musterschreiben,50000,0%,0%,Medium,51,0.4,1.18
bewerbungs anschreiben muster,50000,0%,0%,Medium,51,0.4,1.18
muster für anschreiben bewerbung,50000,0%,0%,Medium,51,0.4,1.18
anschreiben zur bewerbung muster,50000,0%,0%,Medium,51,0.4,1.18
anschreiben für eine bewerbung muster,50000,0%,0%,Medium,51,0.4,1.18
vorlage lebenslauf für schüler,50000,-90%,-90%,Medium,47,0.33,0.93
anschreiben vorlagen,50000,0%,0%,Medium,45,0.58,1.51
vorlage anschreiben,50000,0%,0%,Medium,45,0.58,1.51
vorlage für anschreiben,50000,0%,0%,Medium,45,0.58,1.51
bewerbungsschreiben to go,50000,-90%,-90%,Low,15,0.55,1.62
bewerbungsunterlagen vorlage,5000,-90%,0%,High,100,0.73,2.44
bewerbungsvorlage word,5000,0%,0%,High,100,0.6,1.5
bewerbung word,5000,0%,0%,High,100,0.6,1.5
vorlage bewerbungsunterlagen,5000,-90%,0%,High,100,0.73,2.44
bewerbungsvorlagen für word,5000,0%,0%,High,100,0.6,1.5
bewerbungsvorlage für word,5000,0%,0%,High,100,0.6,1.5
vorlage bewerbung,5000,0%,0%,High,99,0.61,1.67
bewerbungsvorlagen,5000,0%,0%,High,98,0.58,1.93
curriculum vitae vorlage,5000,0%,0%,High,98,1.46,5.41
moderne lebenslauf vorlage,5000,0%,0%,High,97,1.16,4.01
bewerbungsvorlagen kostenlos,5000,0%,0%,High,96,0.6,1.57
bewerbung vorlage word,5000,0%,0%,High,96,0.6,1.64
word vorlage bewerbung,5000,0%,0%,High,96,0.6,1.64
vorlage bewerbung word,5000,0%,0%,High,96,0.6,1.64
bewerbung word vorlage,5000,0%,0%,High,96,0.6,1.64
vorlage word bewerbung,5000,0%,0%,High,96,0.6,1.64
lebenslauf gestalten,5000,0%,0%,High,95,1.36,5.34
beispiel cv,5000,-90%,0%,High,92,0.76,2.67
bewerbungen vorlage,5000,-90%,-90%,High,90,0.54,1.8
bewerbung lebenslauf vorlage,5000,0%,0%,High,90,0.73,2.48
lebenslauf bewerbung vorlage,5000,0%,0%,High,90,0.73,2.48
vorlage lebenslauf bewerbung,5000,0%,0%,High,90,0.73,2.48
vorlage für bewerbung,5000,-90%,-90%,High,90,0.54,1.8
vorlagen für bewerbungen,5000,-90%,-90%,High,90,0.54,1.8
lebenslauf vorlage bewerbung,5000,0%,0%,High,90,0.73,2.48
vorlage für eine bewerbung,5000,-90%,-90%,High,90,0.54,1.8
vorlage bewerbung lebenslauf,5000,0%,0%,High,90,0.73,2.48
lebenslauf für bewerbung vorlage,5000,0%,0%,High,90,0.73,2.48
vorlage einer bewerbung,5000,-90%,-90%,High,90,0.54,1.8
lebenslauf kostenlos,5000,0%,0%,High,88,1.19,3.62
lebenslauf gratis,5000,-90%,0%,High,88,1.25,4.1
lebenslauf generator,5000,0%,0%,High,87,2.4,6.29
online lebenslauf erstellen,5000,0%,0%,High,87,2.24,7.67
lebenslauf anschreiben vorlage,5000,-90%,-90%,High,87,0.7,2.48
moderne bewerbungsschreiben,5000,0%,0%,High,87,0.36,1.37
lebenslauf gratis vorlagen,5000,0%,0%,High,87,1.12,4.56
lebenslauf vorlage anschreiben,5000,-90%,-90%,High,87,0.7,2.48
bewerbung erstellen,5000,0%,0%,High,86,1.01,3.99
ki lebenslauf,5000,0%,0%,High,85,1.8,6.33
lebenslauf erstellen ki,5000,0%,900%,High,85,1.99,7.17
cv englisch vorlage,5000,-90%,-90%,High,84,0.8,2.49
cv auf englisch vorlage,5000,-90%,-90%,High,84,0.8,2.49
bewerbung vorlage kostenlos,5000,0%,0%,High,83,0.58,1.75
lebenslauf vorlage kostenlos word,5000,0%,0%,High,83,0.73,2.06
vorlage bewerbung kostenlos,5000,0%,0%,High,83,0.58,1.75
vorlagen für bewerbungen kostenlos,5000,0%,0%,High,83,0.58,1.75
lebenslauf schreiben kostenlos,5000,0%,0%,High,81,0.72,3.46
bewerbungsanschreiben kostenlos,5000,0%,0%,High,81,0.52,1.62
vorlage bewerbungsschreiben,5000,0%,0%,High,80,0.49,1.56
bewerbung lebenslauf,5000,0%,0%,High,78,0.71,2.33
lebenslauf aktuell,5000,0%,0%,High,78,0.61,2.09
lebenslauf für bewerbung,5000,0%,0%,High,78,0.71,2.33
bewerbung mit lebenslauf,5000,0%,0%,High,78,0.71,2.33
lebenslauf für eine bewerbung,5000,0%,0%,High,78,0.71,2.33
lebenslauf bei bewerbung,5000,0%,0%,High,78,0.71,2.33
lebenslauf formular,5000,-90%,-90%,High,77,0.44,1.71
anschreiben erstellen,5000,0%,0%,High,77,0.77,2.3
vordruck lebenslauf,5000,0%,0%,High,77,0.57,2.15
anschreiben bewerbung vorlage,5000,-90%,0%,High,74,0.48,1.37
bewerbung anschreiben vorlage,5000,-90%,0%,High,74,0.48,1.37
vorlage anschreiben bewerbung,5000,-90%,0%,High,74,0.48,1.37
anschreiben vorlage bewerbung,5000,-90%,0%,High,74,0.48,1.37
anschreiben für bewerbung vorlage,5000,-90%,0%,High,74,0.48,1.37
vorlage bewerbung anschreiben,5000,-90%,0%,High,74,0.48,1.37
bewerbung anschreiben vorlagen,5000,-90%,0%,High,74,0.48,1.37
vorlagen bewerbung anschreiben,5000,-90%,0%,High,74,0.48,1.37
vorlage für anschreiben bewerbung,5000,-90%,0%,High,74,0.48,1.37
anschreiben vorlagen bewerbung,5000,-90%,0%,High,74,0.48,1.37
vorlagen für anschreiben bewerbung,5000,-90%,0%,High,74,0.48,1.37
lebenslauf für ausbildung vorlage,5000,0%,0%,High,71,0.49,1.46
muster für bewerbung,5000,0%,0%,High,71,0.52,1.76
muster für bewerbungen,5000,0%,0%,High,71,0.52,1.76
muster für eine bewerbung,5000,0%,0%,High,71,0.52,1.76
deckblatt bewerbung vorlage,5000,0%,0%,High,69,0.42,1.6
bewerbung deckblatt vorlage,5000,0%,0%,High,69,0.42,1.6
anschreiben pdf,5000,0%,0%,High,69,0.56,1.79
vorlage deckblatt bewerbung,5000,0%,0%,High,69,0.42,1.6
bewerbungsvorlage deckblatt,5000,0%,0%,High,69,0.42,1.6
bewerbungsvorlage mit deckblatt,5000,0%,0%,High,69,0.42,1.6
deckblatt für bewerbung vorlage,5000,0%,0%,High,69,0.42,1.6
deckblatt vorlage bewerbung,5000,0%,0%,High,69,0.42,1.6
komplette bewerbung vorlage word,5000,-90%,-90%,Medium,65,0.41,1.12
bewerbungsschreiben vorlage kostenlos,5000,0%,0%,Medium,64,0.45,1.43
vorlage bewerbungsschreiben kostenlos,5000,0%,0%,Medium,64,0.45,1.43
kostenlos bewerbungsschreiben vorlage,5000,0%,0%,Medium,64,0.45,1.43
kostenlose bewerbungsschreiben vorlage,5000,0%,0%,Medium,64,0.45,1.43
vorlage für bewerbungsschreiben kostenlos,5000,0%,0%,Medium,64,0.45,1.43
bewerbungsschreiben vorlage word,5000,0%,0%,Medium,63,0.37,1.23
vorlage bewerbungsschreiben word,5000,0%,0%,Medium,63,0.37,1.23
bewerbungsschreiben word vorlage,5000,0%,0%,Medium,63,0.37,1.23
vorlage lebenslauf tabellarisch,5000,0%,0%,Medium,63,0.71,2.06
lebenslauf vorlage ausfüllen,5000,0%,0%,Medium,61,0.52,1.77
vorlage lebenslauf zum ausfüllen,5000,0%,0%,Medium,61,0.52,1.77
lebenslauf in word,5000,0%,0%,Medium,60,0.71,1.99
bewerbungsschreiben vorlage pdf,5000,0%,0%,Medium,55,0.36,1.1
bewerbungsschreiben pdf vorlage,5000,0%,0%,Medium,55,0.36,1.1
vorlage bewerbungsschreiben pdf,5000,0%,0%,Medium,55,0.36,1.1
anschreiben bewerbung vorlage word,5000,-90%,-90%,Medium,54,0.44,1.14
bewerbung anschreiben vorlage word,5000,-90%,-90%,Medium,54,0.44,1.14
vorlage anschreiben bewerbung word,5000,-90%,-90%,Medium,54,0.44,1.14
word vorlage anschreiben bewerbung,5000,-90%,-90%,Medium,54,0.44,1.14
bewerbung online anschreiben,5000,-90%,-90%,Medium,54,0.57,2.04
bewerbung anschreiben word vorlage,5000,-90%,-90%,Medium,54,0.44,1.14
vorlage word anschreiben bewerbung,5000,-90%,-90%,Medium,54,0.44,1.14
vorlage bewerbung anschreiben word,5000,-90%,-90%,Medium,54,0.44,1.14
word vorlage bewerbung anschreiben,5000,-90%,-90%,Medium,54,0.44,1.14
muster bewerbung,5000,0%,0%,Medium,53,0.45,1.41
bewerbung vorlage pdf kostenlos,5000,0%,0%,Medium,52,0.37,1.14
bewerbung für lidl,5000,0%,0%,Medium,52,0.21,1.68
bewerbungsschreiben muster,5000,0%,0%,Medium,51,0.39,1.27
anschreiben layout,5000,-90%,0%,Medium,51,0.66,1.9
muster für bewerbungsschreiben,5000,0%,0%,Medium,51,0.39,1.27
bewerbungsschreiben muste,5000,0%,0%,Medium,51,0.39,1.27
bewerbung vorlage word kostenlos,5000,-90%,0%,Medium,50,0.43,1.46
bewerbung vorlage kostenlos word,5000,-90%,0%,Medium,50,0.43,1.46
bewerbung word vorlage kostenlos,5000,-90%,0%,Medium,50,0.43,1.46
word vorlage bewerbung kostenlos,5000,-90%,0%,Medium,50,0.43,1.46
richtig bewerbung schreiben,5000,0%,0%,Medium,49,0.34,1.17
richtiges anschreiben bewerbung,5000,0%,0%,Medium,49,0.34,1.17
richtig bewerbungen schreiben,5000,0%,0%,Medium,49,0.34,1.17
muster bewerbungsschreiben,5000,-90%,-90%,Medium,46,0.26,1.02
bewerbung muster pdf,5000,-90%,-90%,Medium,44,0.34,1.15
muster bewerbung pdf,5000,-90%,-90%,Medium,44,0.34,1.15
lebenslauf vorlage für praktikum,5000,-90%,0%,Medium,41,0.35,1
bewerbung ausbildung vorlage,5000,-90%,-90%,Medium,40,0.45,0.95
vorlage bewerbung ausbildung,5000,-90%,-90%,Medium,40,0.45,0.95
ausbildung bewerbung vorlage,5000,-90%,-90%,Medium,40,0.45,0.95
bewerbung für ausbildung vorlage,5000,-90%,-90%,Medium,40,0.45,0.95
vorlage ausbildung bewerbung,5000,-90%,-90%,Medium,40,0.45,0.95
blindbewerbung muster,5000,0%,0%,Medium,38,0.3,1.06
anschreiben bewerbung beispiele,5000,0%,0%,Medium,36,0.12,0.91
beispiel anschreiben bewerbung,5000,0%,0%,Medium,36,0.12,0.91
bewerbung anschreiben beispiel,5000,0%,0%,Medium,36,0.12,0.91
anschreiben beispiel bewerbung,5000,0%,0%,Medium,36,0.12,0.91
bewerbungs anschreiben beispiel,5000,0%,0%,Medium,36,0.12,0.91
bewerbung beispiel anschreiben,5000,0%,0%,Medium,36,0.12,0.91
beispiele für anschreiben bewerbung,5000,0%,0%,Medium,36,0.12,0.91
beispiel bewerbung anschreiben,5000,0%,0%,Medium,36,0.12,0.91
anschreiben beispiele bewerbung,5000,0%,0%,Medium,36,0.12,0.91
beischpiel bewerbung schreiben,5000,0%,0%,Medium,36,0.12,0.91
anschreibung bewerbung,5000,0%,0%,Medium,35,0.36,1.27
anschreiben bei bewerbung,5000,0%,0%,Medium,35,0.36,1.27
anschreiben zur bewerbung,5000,0%,0%,Medium,35,0.36,1.27
anschreiben ausbildung bewerbung,5000,-90%,-90%,Medium,34,0.33,0.84
bewerbung zur ausbildung schreiben,5000,-90%,-90%,Medium,34,0.33,0.84
beispiele bewerbungsschreiben,5000,0%,0%,Low,31,0.09,0.94
beispiele für bewerbungsschreiben,5000,0%,0%,Low,31,0.09,0.94
anschreiben muster,5000,0%,0%,Low,30,0.53,1.47
anschreiben bewerbung aufbau,5000,0%,0%,Low,29,0.03,0.28
bewerbung ausbildung muster,5000,-90%,-90%,Low,28,0.35,0.77
ausbildung bewerbung muster,5000,-90%,-90%,Low,28,0.35,0.77
bewerbung für ausbildung muster,5000,-90%,-90%,Low,28,0.35,0.77
bewerbung muster ausbildung,5000,-90%,-90%,Low,28,0.35,0.77
bewerbung zur ausbildung muster,5000,-90%,-90%,Low,28,0.35,0.77
muster ausbildung bewerbung,5000,-90%,-90%,Low,28,0.35,0.77
bewerbung beispiel,5000,0%,0%,Low,27,0.26,1.14
beispiel bewerbung,5000,0%,0%,Low,27,0.26,1.14
beispiel für bewerbung,5000,0%,0%,Low,27,0.26,1.14
beispiel für eine bewerbung,5000,0%,0%,Low,27,0.26,1.14
beispiele für bewerbungen,5000,0%,0%,Low,27,0.26,1.14
bewerbung zum beispiel,5000,0%,0%,Low,27,0.26,1.14
kurzbewerbung vorlage,5000,0%,0%,Low,25,0.36,1.15
vorlage kurzbewerbung,5000,0%,0%,Low,25,0.36,1.15
anschreiben vorlage word,5000,0%,0%,Low,24,0.56,1.42
initiativbewerbung vorlage,5000,0%,0%,Low,24,0.2,1.02
vorlage initiativbewerbung,5000,0%,0%,Low,24,0.2,1.02
vorlage anschreiben word,5000,0%,0%,Low,24,0.56,1.42
word anschreiben vorlage,5000,0%,0%,Low,24,0.56,1.42
word vorlage anschreiben,5000,0%,0%,Low,24,0.56,1.42
vorlage word anschreiben,5000,0%,0%,Low,24,0.56,1.42
bewerbungsschreiben praktikum vorlage,5000,-90%,-90%,Low,23,0.2,0.63
bewerbungsschreiben vorlage praktikum,5000,-90%,-90%,Low,23,0.2,0.63
bewerbungsschreiben für praktikum vorlage,5000,-90%,-90%,Low,23,0.2,0.63
vorlage bewerbungsschreiben praktikum,5000,-90%,-90%,Low,23,0.2,0.63
bewerbungsschreiben vorlage für praktikum,5000,-90%,-90%,Low,23,0.2,0.63
anschreiben bei initiativbewerbung,5000,0%,0%,Low,23,0.06,0.62
bewerbungsschreiben für ein praktikum vorlage,5000,-90%,-90%,Low,23,0.2,0.63
bewerbungsschreiben aufbau,5000,0%,0%,Low,21,0.03,0.37
aufbau bewerbungsanschreiben,5000,0%,0%,Low,21,0.03,0.37
bewerbung praktikum vorlage,5000,0%,0%,Low,20,0.28,0.69
interne bewerbung muster,5000,0%,-90%,Low,20,0.06,0.92
bewerbung minijob vorlage,5000,-90%,-90%,Low,20,0.3,1.03
bewerbung für praktikum vorlage,5000,0%,0%,Low,20,0.28,0.69
praktikum bewerbung vorlage,5000,-90%,-90%,Low,20,0.26,0.74
minijob bewerbung vorlage,5000,-90%,-90%,Low,20,0.3,1.03
praktikumsbewerbung vorlage,5000,-90%,-90%,Low,20,0.26,0.74
vorlage bewerbung praktikum,5000,0%,0%,Low,20,0.28,0.69
bewerbung für ein praktikum vorlage,5000,0%,0%,Low,20,0.28,0.69
bewerbung intern muster,5000,0%,-90%,Low,20,0.06,0.92
vorlage bewerbung minijob,5000,-90%,-90%,Low,20,0.3,1.03
bewerbung praktikum schreiben,5000,-90%,-90%,Low,20,0.16,0.61
vorlage praktikumsbewerbung,5000,-90%,-90%,Low,20,0.26,0.74
bewerbung für minijob vorlage,5000,-90%,-90%,Low,20,0.3,1.03
bewerbung für ein minijob vorlage,5000,-90%,-90%,Low,20,0.3,1.03
bewerbung anschreiben praktikum,5000,-90%,-90%,Low,20,0.16,0.61
vorlage für praktikumsbewerbung,5000,-90%,-90%,Low,20,0.26,0.74
anschreiben bewerbung für praktikum,5000,-90%,-90%,Low,20,0.16,0.61
bewerbung als praktikant vorlage,5000,0%,0%,Low,20,0.28,0.69
bewerbung fürs praktikum schreiben,5000,-90%,-90%,Low,20,0.16,0.61
bewerbung praktikum anschreiben,5000,-90%,-90%,Low,20,0.16,0.61
bewerbung praktikum vorlagen,5000,0%,0%,Low,20,0.28,0.69
bewerbung zum praktikum vorlage,5000,0%,0%,Low,20,0.28,0.69
muster interne bewerbung,5000,0%,-90%,Low,20,0.06,0.92
praktikum vorlage bewerbung,5000,-90%,-90%,Low,20,0.26,0.74
vorlage bewerbung für praktikum,5000,0%,0%,Low,20,0.28,0.69
anschreiben brief muster,5000,0%,-90%,Low,19,0.37,1.31
anschreiben musterbrief,5000,0%,-90%,Low,19,0.37,1.31
brief anschreiben muster,5000,0%,-90%,Low,19,0.37,1.31
anschreiben praktikum vorlage,5000,-90%,-90%,Low,17,0.24,0.72
praktikum anschreiben vorlage,5000,-90%,-90%,Low,17,0.24,0.72
praktikums anschreiben vorlage,5000,-90%,-90%,Low,17,0.24,0.72
anschreiben für praktikum vorlage,5000,-90%,-90%,Low,17,0.24,0.72
anschreiben vorlage praktikum,5000,-90%,-90%,Low,17,0.24,0.72
vorlage anschreiben praktikum,5000,-90%,-90%,Low,17,0.24,0.72
anschreiben für ein praktikum vorlage,5000,-90%,-90%,Low,17,0.24,0.72
praktikum vorlage anschreiben,5000,-90%,-90%,Low,17,0.24,0.72
vorlage praktikum anschreiben,5000,-90%,-90%,Low,17,0.24,0.72
vorlagen anschreiben praktikum,5000,-90%,-90%,Low,17,0.24,0.72
anschreiben beispiel,5000,0%,0%,Low,16,0.16,1.03
bewerbungsschreiben für praktikum,5000,0%,0%,Low,16,0.17,0.71
initiativbewerbung muster pdf,5000,0%,-90%,Low,16,0.31,0.89
bewerbungsschreiben als praktikant,5000,0%,0%,Low,16,0.17,0.71
einfache bewerbung vorlage,5000,0%,0%,Low,15,0.32,1.18
initiativbewerbung muster,5000,0%,0%,Low,12,0.03,0.58
bewerbung für das praktikum,5000,0%,0%,Low,12,0.21,0.75
muster für initiativbewerbung,5000,0%,0%,Low,12,0.03,0.58
anschreiben für praktikum,5000,0%,0%,Low,10,0.24,0.73
anschreiben fürs praktikum,5000,0%,0%,Low,10,0.24,0.73
anschreiben zum praktikum,5000,0%,0%,Low,10,0.24,0.73
kurzes anschreiben muster,5000,-90%,-90%,Low,9,0.25,0.89
kurz anschreiben muster,5000,-90%,-90%,Low,9,0.25,0.89
anschreiben bewerbung auf englisch,5000,-90%,0%,Low,8,0.19,1.59
anschreiben bewerbung englisch,5000,-90%,0%,Low,8,0.19,1.59
anschreiben englisch bewerbung,5000,-90%,0%,Low,8,0.19,1.59
bewerbung englisch anschreiben,5000,-90%,0%,Low,8,0.19,1.59
bewerbungen schreiben englisch,5000,-90%,0%,Low,8,0.19,1.59
englische bewerbung schreiben,5000,-90%,0%,Low,8,0.19,1.59
kurze initiativbewerbung muster,5000,0%,0%,Low,7,0.21,0.62
anschreiben aufbau,5000,0%,0%,Low,6,0.04,0.97
bewerbungsschreiben auf englisch,5000,0%,0%,Low,3,0.51,2.2
englische bewerbungsschreiben,5000,0%,0%,Low,3,0.51,2.2
lebenslauf vorlage kaufen,500,0%,0%,High,100,1.11,3.72
bewerbungsmappe vorlage,500,0%,0%,High,100,0.68,1.98
moderne bewerbung vorlage,500,0%,0%,High,100,0.57,1.95
professionelle lebenslauf vorlage,500,0%,0%,High,100,1.45,5.05
lebenslauf und anschreiben vorlage kostenlos,500,-90%,-90%,High,100,1.14,3.13
bewerbung vorlage download,500,-90%,-90%,High,100,0.54,1.37
bewerbung design vorlage,500,0%,0%,High,100,0.63,1.72
bewerbung layout vorlage,500,0%,0%,High,100,0.67,1.76
kreative bewerbung vorlage,500,-90%,-90%,High,100,0.68,1.4
word bewerbung vorlage,500,-90%,-90%,High,100,0.61,1.5
layout bewerbung kostenlos,500,0%,0%,High,100,0.57,1.6
bewerbungsunterlagen vorlage kostenlos,500,-90%,0%,High,100,0.72,2.21
bewerbungsvorlage pages,500,-90%,-90%,High,100,0.64,1.63
vorlage lebenslauf und anschreiben,500,-90%,0%,High,100,0.79,2.34
bewerbungsvorlage download,500,-90%,-90%,High,100,0.55,1.59
lebenslauf vorlage mit foto,500,-90%,0%,High,100,1.25,4.27
bewerbung formatvorlage,500,-90%,-90%,High,100,0.62,1.42
moderne bewerbungsvorlagen,500,-90%,0%,High,100,0.92,2.85
formatvorlage bewerbung,500,-90%,-90%,High,100,0.62,1.42
moderne bewerbung vorlage word,500,-90%,0%,High,100,0.59,1.72
bewerbung modern vorlage,500,0%,0%,High,100,0.57,1.95
bewerbungsvorlagen design,500,0%,0%,High,100,0.81,2.11
vorlage bewerbungsmappe,500,0%,0%,High,100,0.68,1.98
bewerbungsmappe muster,500,0%,-90%,High,100,0.58,1.66
design vorlage bewerbung,500,0%,0%,High,100,0.63,1.72
bewerbungsvorlage modern,500,0%,0%,High,100,0.95,2.29
vorlage bewerbung download,500,-90%,-90%,High,100,0.54,1.37
bewerbung designvorlagen,500,0%,0%,High,100,0.63,1.72
deckblatt bewerbung design,500,0%,0%,High,100,,
muster bewerbungsmappe,500,0%,-90%,High,100,0.58,1.66
vorlage bewerbung design,500,0%,0%,High,100,0.63,1.72
vorlage design bewerbung,500,0%,0%,High,100,0.63,1.72
vorlage bewerbung und lebenslauf,500,-90%,0%,High,99,0.84,2.79
bewerbungsschreiben layout word,500,0%,0%,High,99,0.5,1.56
bewerbungsmappe vorlage word,500,-90%,0%,High,99,0.57,1.5
bewerbung templates,500,0%,0%,High,99,0.88,2.2
bewerbungsmappe word vorlage,500,-90%,0%,High,99,0.57,1.5
bewerbungsvorlagen lebenslauf,500,-90%,-90%,High,98,0.89,3.7
bewerbungsvorlage download kostenlos,500,0%,900%,High,98,0.64,1.89
muster cv,500,0%,0%,High,97,0.8,2.98
modernes anschreiben,500,0%,0%,High,97,0.55,1.64
bewerbung lehrstelle muster kostenlos,500,-90%,-90%,High,97,0.47,0.99
anschreiben modern,500,0%,0%,High,97,0.55,1.64
lebenslauf und anschreiben erstellen,500,-90%,0%,High,96,2.39,5.65
anschreiben design,500,0%,0%,High,96,0.82,1.83
lebenslauf bewerbung vorlage word,500,-90%,0%,High,96,0.7,1.68
lebenslauf professionell erstellen,500,0%,0%,High,95,2.84,8.58
bewerbungsunterlagen muster,500,-90%,-90%,High,95,0.63,1.56
anschreiben bewerbung layout,500,0%,0%,High,95,0.54,1.65
muster bewerbungsunterlagen,500,-90%,-90%,High,95,0.63,1.56
bewerbung anschreiben layout,500,0%,0%,High,95,0.54,1.65
deckblatt bewerbung gestalten,500,-90%,0%,High,95,0.27,1.73
deckblatt für bewerbung gestalten,500,-90%,0%,High,95,0.27,1.73
deckblatt gestalten bewerbung,500,-90%,0%,High,95,0.27,1.73
gestaltung deckblatt bewerbung,500,-90%,0%,High,95,0.27,1.73
lebenslauf und anschreiben vorlage,500,0%,0%,High,94,0.93,3.09
anschreiben und lebenslauf vorlage,500,0%,0%,High,94,0.93,3.09
bewerbungsschreiben design,500,0%,0%,High,94,0.87,2.21
bewerbung deckblatt muster,500,0%,0%,High,94,0.63,1.15
bewerbung muster deckblatt,500,0%,0%,High,94,0.63,1.15
deckblatt bewerbung muster,500,0%,0%,High,94,0.63,1.15
deckblatt muster bewerbung,500,0%,0%,High,94,0.63,1.15
muster bewerbung deckblatt,500,0%,0%,High,94,0.63,1.15
muster deckblatt bewerbung,500,0%,0%,High,94,0.63,1.15
bewerbung muster vorlage,500,0%,0%,High,93,0.52,1.47
bewerbung vorlage gratis,500,0%,0%,High,93,0.55,2.31
lebenslauf mit bild vorlage,500,0%,0%,High,93,1,3.32
bewerbung gratis vorlage,500,0%,0%,High,93,0.55,2.31
vordruck lebenslauf word,500,-90%,-90%,High,92,0.75,2.17
bewerbungsvorlage anschreiben,500,-90%,-90%,High,92,0.61,1.62
beispiel deckblatt bewerbung,500,0%,0%,High,92,,
bewerbung deckblatt beispiel,500,0%,0%,High,92,,
deckblatt bewerbung beispiel,500,0%,0%,High,92,,
kostenlose bewerbungsvorlagen,500,0%,0%,High,91,0.74,2.18
kostenlos bewerbung erstellen,500,0%,0%,High,91,0.71,2.43
bewerbungsschreiben layout,500,0%,0%,High,91,0.6,1.68
lebenslauf vorlage ingenieur,500,0%,0%,High,91,0.83,2.21
lebenslauf vorlage arzt,500,0%,0%,High,91,0.8,2.8
kostenlos bewerbungsvorlagen,500,0%,0%,High,91,0.74,2.18
moderne bewerbung anschreiben,500,-90%,-90%,High,91,0.37,1.68
cv erstellen kostenlos,500,0%,0%,High,90,2.65,8.72
anschreiben lebenslauf vorlage,500,-90%,0%,High,90,0.74,2.52
lebenslauf generator kostenlos,500,0%,0%,High,89,1.65,5.3
lebenslauf und bewerbung vorlage,500,0%,0%,High,89,0.81,3.5
bewerbung kostenlos schreiben,500,0%,0%,High,89,0.66,1.82
lebenslauf und anschreiben,500,0%,0%,High,89,1.24,3.88
lebenslauf erstellen kostenlos pdf,500,0%,0%,High,89,1.2,4.47
anschreiben und lebenslauf,500,0%,0%,High,89,1.24,3.88
lebenslauf und bewerbungsschreiben,500,-90%,0%,High,89,0.71,3.56
lebenslauf vorlage it,500,0%,0%,High,89,0.92,2.41
bewerbungsschreiben und lebenslauf,500,-90%,0%,High,89,0.71,3.56
bewerbungen schreiben kostenlos,500,0%,0%,High,89,0.66,1.82
die perfekte bewerbung,500,-90%,-90%,High,88,0.53,1.5
online bewerbung schreiben kostenlos,500,-90%,-90%,High,88,0.79,2.23
bewerbungsvorlagen kostenlos word,500,0%,900%,High,88,0.64,1.7
bewerbung layout kostenlos,500,-90%,0%,High,88,0.59,1.48
lebenslauf klassisch vorlage,500,0%,0%,High,88,0.65,1.97
bewerbung schreiben kostenlos online,500,-90%,-90%,High,88,0.79,2.23
online bewerbung vorlage,500,0%,0%,High,87,0.59,2.32
bewerbung erstellen kostenlos,500,0%,0%,High,87,0.8,2.78
bewerbung design vorlage word kostenlos,500,0%,0%,High,87,0.5,1.22
vorlage für bewerbungsschreiben,500,0%,0%,High,87,0.39,1.39
bewerbung online vorlage,500,0%,0%,High,87,0.59,2.32
beispiel lebenslauf bewerbung,500,0%,0%,High,87,0.45,1.62
professionell bewerbung schreiben,500,-90%,-90%,High,87,1.21,3.03
vorlage online bewerbung,500,0%,0%,High,87,0.59,2.32
bewerbung lebenslauf beispiel,500,0%,0%,High,87,0.45,1.62
vorlage für ein bewerbungsschreiben,500,0%,0%,High,87,0.39,1.39
lebenslauf bewerbung beispiel,500,0%,0%,High,87,0.45,1.62
vorlage zum bewerbungsschreiben,500,0%,0%,High,87,0.39,1.39
ki für lebenslauf,500,0%,0%,High,86,1.91,6.57
muster lebenslauf bewerbung,500,0%,0%,High,86,0.46,1.53
bewerbungsformular vorlage,500,0%,900%,High,86,0.5,1.35
bewerbung lebenslauf muster,500,0%,0%,High,86,0.46,1.53
bewerbungsmappe beispiel,500,0%,0%,High,86,0.53,1.14
lebenslauf editor,500,0%,0%,High,85,1.34,5.37
bewerbungsvorlagen word kostenlos,500,0%,0%,High,85,0.51,1.36
hilfe beim lebenslauf schreiben,500,0%,-90%,High,85,0.84,4.09
bewerbungsschreiben word kostenlos,500,0%,0%,High,85,0.51,1.36
deckblatt bewerbung kreativ,500,-90%,-90%,High,85,,
kreatives deckblatt bewerbung,500,-90%,-90%,High,85,,
lebenslauf vorlage ki,500,-90%,0%,High,85,2.15,7.16
bewerbungsanschreiben erstellen,500,0%,0%,High,84,0.78,2.78
download lebenslauf word,500,0%,0%,High,84,0.61,1.77
bewerbung kostenlos erstellen,500,0%,0%,High,83,0.65,2.15
anschreiben kostenlos erstellen,500,0%,0%,High,83,0.61,1.94
lebenslauf englisch vorlage kostenlos,500,-90%,0%,High,83,1.15,3.22
bewerbung anschreiben kreativ,500,-90%,-90%,High,83,0.11,1.4
bewerbung und lebenslauf schreiben,500,0%,0%,High,81,0.85,3.78
lebenslauf pdf bearbeiten,500,0%,0%,High,81,1.05,3.76
kostenlose vorlage bewerbung,500,0%,0%,High,81,0.65,1.85
bewerbung kostenlose vorlage,500,0%,0%,High,81,0.65,1.85
bewerbung lehrstelle vorlage,500,0%,0%,High,81,0.35,1.43
bewerbung für eine lehrstelle vorlage,500,0%,0%,High,81,0.35,1.43
bewerbung für lehrstelle vorlage,500,0%,0%,High,81,0.35,1.43
vorlage bewerbung lehrstelle,500,0%,0%,High,81,0.35,1.43
anschreiben bewerbung erstellen,500,0%,0%,High,80,0.81,2.85
bewerbungsschreiben kostenlose vorlage,500,-90%,-90%,High,80,0.63,1.51
bewerbung anschreiben erstellen,500,0%,0%,High,80,0.81,2.85
mustervorlage bewerbung,500,0%,0%,High,80,0.52,1.37
bewerbungsschreiben muster vorlage,500,-90%,-90%,High,80,0.47,1.49
muster bewerbung vorlage,500,0%,0%,High,80,0.52,1.37
bewerbungsschreiben vorlage muster,500,-90%,-90%,High,80,0.47,1.49
bewerbungsschreiben mustervorlage,500,-90%,-90%,High,80,0.47,1.49
musterbewerbung vorlage,500,0%,0%,High,80,0.52,1.37
bewerbung online erstellen,500,0%,0%,High,79,1.14,4.44
lebenslauf und bewerbung,500,0%,0%,High,79,0.9,3.25
bewerbung kostenlos online erstellen,500,0%,0%,High,79,0.75,2.79
online bewerbung erstellen kostenlos,500,0%,0%,High,79,0.75,2.79
bewerbung online kostenlos erstellen,500,0%,0%,High,79,0.75,2.79
deckblatt bewerbung foto,500,-90%,-90%,High,79,,
deckblatt bewerbung mit foto,500,-90%,-90%,High,79,,
lebenslauf muster anschreiben,500,-90%,0%,High,79,0.46,2.05
bewerbung muster kostenlos,500,0%,0%,High,78,0.54,1.55
professionellen lebenslauf erstellen lassen,500,0%,0%,High,78,2.5,7.07
kreative bewerbung muster kostenlos,500,-90%,-90%,High,77,0.42,1.13
bewerbungsschreiben online kostenlos,500,0%,900%,High,76,0.46,1.56
bewerbung vorlage anschreiben,500,0%,900%,High,76,0.54,1.35
bewerbungsschreiben vorlage gratis,500,0%,900%,High,76,0.5,1.8
bewerbungsschreiben lebenslauf vorlage,500,0%,-90%,High,75,0.59,2.13
bewerbung lebenslauf schreiben,500,0%,0%,High,75,0.79,2.75
lebenslauf bewerbung schreiben,500,0%,0%,High,75,0.79,2.75
lebenslauf schreiben für bewerbung,500,0%,0%,High,75,0.79,2.75
lebenslauf anschreiben bewerbung,500,0%,0%,High,75,0.79,2.75
tabellarischer lebenslauf erstellen,500,0%,0%,High,74,1.06,4.13
bewerbungsschreiben vorlage word download,500,-90%,-90%,High,74,0.38,1.1
vordruck tabellarischer lebenslauf,500,-90%,0%,High,74,0.45,1.36
bewerbungsvorlagen ausbildung,500,0%,0%,High,74,0.45,1.13
modell lebenslauf,500,-90%,0%,High,74,0.38,1.6
bewerbungsschreiben lebenslauf,500,0%,0%,High,73,0.62,2.26
lebenslauf schüler vorlage kostenlos,500,-90%,-90%,High,73,0.38,0.9
bewerbung heute muster,500,0%,0%,High,73,0.38,1.22
bewerbungsvorlage openoffice,500,-90%,-90%,High,73,0.63,1.34
bewerbungen heute muster,500,0%,0%,High,73,0.38,1.22
bewerbungsmuster bewerbungsschreiben vorlage,500,0%,0%,High,73,0.25,0.96
lebenslauf vordrucke zum ausfüllen,500,-90%,-90%,High,72,0.52,1.43