Keyword,Avg. Monthly Searches,Competition,Competition Index,Bid (Low),Bid (High)
plantillas currículum,50000,High,86,0.59,2.61
curriculum vitae plantilla,50000,High,75,0.28,1.56
curriculum gratis,50000,High,87,0.15,1.27
plantilla cv,50000,High,89,0.33,1.78
plantillas para cv,50000,High,82,0.26,1.38
plantillas cv gratis,50000,High,83,0.26,1.73
plantillas de curriculum,50000,High,73,0.13,1.08
plantilla curriculum gratis,50000,High,86,0.74,2.61
plantillas para curriculum,50000,High,78,0.12,1.14
formato curriculum vitae,50000,High,71,0.28,1.47
currículum vitae gratis,50000,High,77,0.1,0.82
plantillas de cv,50000,High,75,0.16,1.01
plantilla de curriculum vitae,50000,High,75,0.16,1.01
curriculum vitae plantillas,50000,High,75,0.28,1.56
curriculum vitae plantilla gratis,50000,High,83,0.26,1.73
plantillas de curriculum vitae,50000,High,75,0.16,1.01
plantilla para cv,50000,High,82,0.26,1.38
plantilla de cv,50000,High,75,0.16,1.01
plantillas para curriculum vitae,50000,High,82,0.26,1.38
plantilla curriculum word,50000,High,71,0.22,1.14
plantilla cv word,50000,High,71,0.22,1.14
plantilla hoja de vida,50000,High,72,0.1,0.65
plantilla curriculum vitae word,50000,High,71,0.22,1.14
modelos cv,50000,High,73,0.2,1.34
modelos curriculum vitae,50000,High,73,0.2,1.34
plantillas curriculum vitae gratis,50000,High,83,0.26,1.73
curriculum vitae formatos,50000,High,71,0.28,1.47
crear currículum vitae gratis,50000,High,89,0.19,1.81
modelo currículum vitae,50000,High,73,0.2,1.34
curriculum hacer gratis,50000,High,88,0.26,2.43
formato currículum vitae,50000,High,71,0.28,1.47
plantillas cvs,50000,High,77,0.27,1.53
crear curriculums gratis,50000,High,88,0.3,2.85
modelo curriculum en word,50000,High,70,0.14,0.67
curriculums gratuitos,50000,High,87,0.15,1.27
curriculums vitae gratis,50000,High,77,0.1,0.82
currículum vitae gratis plantilla,50000,High,83,0.26,1.73
plantilla curri,50000,High,86,0.59,2.61
currículum vítae gratis,50000,High,77,0.1,0.82
armar curriculum vitae gratis,50000,High,89,0.19,1.81
currículum vitae word plantillas,50000,High,71,0.22,1.14
crear cv con ia,5000,High,85,0.26,1.94
hacer cv gratis,5000,High,90,0.21,1.91
plantilla de curriculum,5000,High,75,0.16,1.34
formatos de curriculum,5000,High,74,0.22,1.58
plantillas de curriculum gratis,5000,High,88,0.39,2.03
hacer curriculum online gratis,5000,High,91,0.47,3.69
hacer curriculum vitae gratis,5000,High,90,0.21,1.91
plantillas de cv gratis,5000,High,83,0.18,1.1
plantillas para cv gratis,5000,High,87,0.24,1.2
formato para curriculum,5000,High,76,0.17,1.27
plantillas cv word gratis,5000,High,69,0.22,1.16
formatos de cv,5000,High,73,0.25,1.3
plantillas de cv gratis word,5000,High,72,0.13,0.77
plantillas para curriculum gratis,5000,High,84,0.16,1.47
formato curriculum,5000,High,67,0.25,1.54
modelos de curriculum vitae gratis,5000,High,81,0.14,1.12
plantillas para cv word,5000,High,78,0.16,0.82
formato cv word,5000,High,72,0.21,1.06
formato curriculum vitae word,5000,High,72,0.21,1.06
plantillas de curriculum vitae word,5000,High,68,0.13,0.7
plantilla de curriculum vitae word,5000,High,68,0.13,0.7
formato para cv,5000,High,75,0.22,1.38
plantillas para hacer curriculum,5000,High,78,0.14,1.49
plantillas cv gratis descargar,5000,High,84,0.25,1.21
plantilla de cv en word,5000,High,75,0.16,0.76
cv gratis para descargar,5000,High,85,0.14,0.93
curriculum vitae gratis para descargar,5000,High,85,0.14,0.93
formato para curriculum vitae,5000,High,75,0.22,1.38
plantilla de curriculum gratis,5000,High,82,0.29,1.99
machote de curriculum,5000,High,73,0.12,0.71
hoja de vida gratis,5000,High,81,0.09,0.67
plantillas currículum vitae para rellenar gratis pdf,5000,High,69,0.37,1.28
crear hoja de vida gratis,5000,High,83,0.08,0.88
descargar curriculum vitae,5000,High,67,0.1,0.81
plantillas para hojas de vida,5000,High,77,0.11,0.73
plantilla para cv word,5000,High,78,0.16,0.82
curriculum plantillas,5000,High,68,0.26,1.55
realizar curriculum vitae gratis,5000,High,90,0.28,1.75
descargar curriculum gratis,5000,High,82,0.23,1.61
plantillas de curriculum vitae gratis,5000,High,83,0.18,1.1
formato de cv word,5000,High,71,0.15,0.83
plantillas curriculum gratis descargar,5000,High,79,0.36,1.56
formato hoja de vida gratis,5000,High,84,0.13,0.67
formato para hoja de vida,5000,High,77,0.09,0.71
hoja de vida formato gratis,5000,High,80,0.08,0.51
formato para hacer un curriculum,5000,High,73,0.07,1.06
modelo de cv gratis,5000,High,81,0.14,1.12
hacer hoja de vida gratis,5000,High,87,0.13,0.95
plantillas de cv en word,5000,High,75,0.16,0.76
plantilla gratis para cv,5000,High,89,0.21,1.18
plantillas de hojas de vida gratis,5000,High,78,0.09,0.55
descargar plantilla cv,5000,High,72,0.19,1.04
machotes de curriculum,5000,High,73,0.12,0.71
plantillas para hacer cv,5000,High,81,0.16,1.34
descargar plantilla curriculum vitae,5000,High,72,0.19,1.04
cv plantillas gratis word,5000,High,73,0.14,0.86
curriculum vitae moderno,5000,High,83,0.24,1.56
plantilla cv canva,5000,High,79,0.31,1.42
plantillas para curriculum vitae en word,5000,High,78,0.16,0.82
formatos de curriculum vitae en word,5000,High,68,0.13,0.73
plantilla cv ats gratis,5000,High,76,0.12,0.68
plantilla curriculum vitae gratis word,5000,High,69,0.22,1.16
creador de curriculums gratis,5000,High,87,0.17,1.89
plantilla de cv en word gratis,5000,High,72,0.13,0.77
hacer curriculum vitae gratis online,5000,High,92,0.37,2.51
formato para un curriculum,5000,High,76,0.17,1.27
curriculum vitae plantilla word gratis,5000,High,69,0.22,1.16
cv editables,5000,High,78,0.35,1.87
plantillas currículum word,5000,High,69,0.37,1.22
plantilla para hacer curriculum vitae,5000,High,81,0.16,1.34
editar currículum gratis,5000,High,90,0.13,0.87
plantilla gratis cv word,5000,High,73,0.14,0.86
plantilla gratis curriculum vitae word,5000,High,73,0.14,0.86
plantillas currículum gratis descargar,5000,High,79,0.36,1.56
curriculums vitae modernos,5000,High,83,0.24,1.56
currículum vitae para editar,5000,High,75,0.1,0.72
plantilla de currãculum,5000,High,75,0.16,1.34
plantilla para curriculum vitae en word,5000,High,78,0.16,0.82
modelo de curriculum vitae,50000,Medium,60,0.1,0.78
modelos de curriculum vitae,50000,Medium,60,0.1,0.78
modelos de cv,50000,Medium,60,0.14,0.82
formato de curriculum vitae,50000,Medium,66,0.15,1.05
formato hoja de vida,50000,Medium,66,0.09,0.57
formato de curriculum,50000,Medium,60,0.07,1.08
hoja de vida para llenar,50000,Medium,43,0.03,0.24
currículum vitae word,50000,Medium,39,0.13,1
curriculum vitae para llenar,50000,Medium,40,0.08,0.52
modelo de hoja de vida,50000,Medium,53,0.1,0.59
hoja de vida word,50000,Medium,34,0.06,0.33
formato hoja de vida word,50000,Medium,56,0.11,0.47
curriculum vitae en word,50000,Medium,39,0.13,1
modelos de curriculums,50000,Medium,52,0.09,0.58
modelos de currículum vitae,50000,Medium,60,0.14,0.82
formato de currículum vitae,50000,Medium,66,0.15,1.05
curriculum vitae wizard,50000,Medium,63,0.28,3.52
ejemplos de currículum vitae,50000,Medium,41,0.12,0.68
modelos curriculums,50000,Medium,61,0.13,0.77
formatos de hoja de vida word,50000,Medium,56,0.11,0.47
plantillas de carta de presentación,5000,Medium,39,0.13,1.02
plantillas de cv creativos gratis word,5000,Medium,57,0.09,0.43
modelo de cv en word,5000,Medium,59,0.09,0.51
modelo de currículum vitae en word para editar,5000,Medium,44,0.06,0.36
modelos de cv en word,5000,Medium,63,0.1,0.56
modelo curriculum vitae word,5000,Medium,63,0.12,0.77
plantillas para curriculum word,5000,Medium,65,0.13,0.91
plantillas de cv gratis para descargar,5000,Medium,66,0.1,0.56
modelo de curriculum vitae word,5000,Medium,59,0.09,0.51
currículum vitae descargar,5000,Medium,45,0.07,0.46
modelo cv word,5000,Medium,63,0.12,0.77
plantilla hoja de vida word,5000,Medium,55,0.08,0.4
diseño de curriculum vitae,5000,Medium,63,0.2,1.19
machote de curriculum vitae,5000,Medium,62,0.12,0.95
plantilla de curriculum word,5000,Medium,63,0.11,0.83
diseño de curriculum,5000,Medium,60,0.13,1.32
modelos de curriculum vitae en word,5000,Medium,59,0.09,0.51
plantillas de curriculum vitae gratis para descargar,5000,Medium,66,0.1,0.56
modelo de hoja de vida en word,5000,Medium,54,0.08,0.47
curriculum vitae ejemplos word,5000,Medium,41,0.07,0.41
currículum vitae pdf para llenar,5000,Medium,57,0.05,0.34
modelo de cv profesional,5000,Medium,63,0.13,0.7
ejemplos de currículum vitae en word,5000,Medium,42,0.08,0.49
canva plantillas cv,5000,Medium,64,0.27,1.39
formato de curriculum en word,5000,Medium,62,0.08,0.84
machote de cv,5000,Medium,62,0.12,0.95
formato hoja de vida sencilla,5000,Medium,44,0.06,0.33
formato curriculum word,5000,Medium,63,0.12,0.77
hoja de curriculum,5000,Medium,44,0.08,0.93
descargar plantillas de cv,5000,Medium,65,0.13,0.62
plantillas de menu,5000,Medium,35,0.04,0.75
curriculum vitae descargar,5000,Medium,45,0.07,0.46
formatos de curriculum word,5000,Medium,62,0.08,0.84
diseño curriculum vitae,5000,Medium,66,0.29,1.68
hoja de vida pdf,5000,Medium,48,0.02,0.21
descargar formato de hoja de vida,5000,Medium,40,0.05,0.38
formato de cv para rellenar,5000,Medium,38,0.05,0.46
ejemplos de cv en word,5000,Medium,42,0.08,0.49
formato word curriculum,5000,Medium,63,0.12,0.77
diseño hoja de vida,5000,Medium,55,0.15,0.9
cv ejemplos word,5000,Medium,41,0.07,0.41
formato de currículum vitae para rellenar,5000,Medium,38,0.05,0.46
descargar plantilla de curriculum vitae,5000,Medium,65,0.13,0.62
descargar hoja de vida,5000,Medium,47,0.04,0.3
diseños cv,5000,Medium,66,0.29,1.68
plantilla para curriculum en word,5000,Medium,65,0.13,0.91
modelos de cv word,5000,Medium,59,0.09,0.51
formato de hoja de vida para llenar,5000,Medium,44,0.03,0.22
ejemplos de hojas de vida en word,5000,Medium,37,0.07,0.37
modelo de curriculum vitae simple,5000,Medium,38,0.06,0.34
plantilla word para curriculum,5000,Medium,65,0.13,0.91
modelo de curriculum vitae profesional,5000,Medium,63,0.13,0.7
machote cv word,5000,Medium,63,0.12,0.77
machotes de curriculum vitae,5000,Medium,62,0.12,0.95
currículum vitae simple gratis,5000,Medium,50,0.04,0.36
modelos curriculum word,5000,Medium,63,0.12,0.77
formato hoja de vida pdf,5000,Medium,41,0.04,0.26
plantilla de curriculum en word,5000,Medium,63,0.11,0.83
cv gratis en word,5000,Medium,66,0.17,1.2
currículum vitae word gratis,5000,Medium,59,0.14,1.16
plantilla hoja de vida word gratis,5000,Medium,57,0.06,0.35
hoja de vida actual,5000,Medium,51,0.07,0.54
modelo de currículum vitae simple,5000,Medium,38,0.06,0.34
curriculum vitae gratis en word,5000,Medium,66,0.17,1.2
modelos de curriculum vitae simple,5000,Medium,38,0.06,0.34
cv pdf editable,5000,Medium,40,0.01,0.39
modelo de curriculum simple,5000,Medium,42,0.07,0.37
canva modelos de curriculum,5000,Medium,59,0.16,0.77
curriculum vitae en word gratis,5000,Medium,59,0.14,1.16
currículum vitae en word gratis,5000,Medium,66,0.17,1.2
ejemplos de curriculum vitae profesionales,5000,Medium,54,0.17,0.85
modelos de curriculum canva,5000,Medium,55,0.17,0.81
plantilla cartas de presentacion,5000,Medium,39,0.13,1.02
ejemplos de hojas de vida,50000,Low,27,0.09,0.49
plantillas de carta de renuncia,5000,Low,5,0.01,0.45
plantillas de carta,5000,Low,1,0.38,1.28
plantilla contrato de alquiler gratis,5000,Low,28,0.18,0.81
hoja de vida para trabajo,5000,Low,28,0.04,0.29
plantilla currículum vitae vacío,5000,Low,10,0.2,1.03
curriculum vitae sencillo,5000,Low,20,0.09,0.59
curriculum para llenar,5000,Low,27,0.04,0.36
hoja de vida pdf para llenar,5000,Low,32,0.02,0.15
currículum vitae simple,5000,Low,28,0.07,0.47
hoja de vida sencilla,5000,Low,18,0.05,0.25
hoja de vida sencilla para llenar,5000,Low,25,0.02,0.14
curriculum vitae simple word,5000,Low,26,0.04,0.73
descargar hoja de vida en word sencilla,5000,Low,22,0.02,0.2
formato carta de presentacion,5000,Low,30,0.09,0.55
hoja de vida para llenar pdf,5000,Low,32,0.02,0.15
plantillas para cartas,5000,Low,1,0.23,1.27
currículum vitae sencillo,5000,Low,20,0.09,0.59
carta de amor plantilla,5000,Low,3,0.37,0.5
carta de recomendacion plantilla,5000,Low,9,0.02,0.15
carta plantilla,5000,Low,2,0.21,1
currículum vitae simple pdf,5000,Low,16,0.02,0.62
diseños cartas de amor,5000,Low,4,,
diseños para carta,5000,Low,1,0.18,1
fondos para curriculum,5000,Low,14,0.18,0.69
formato de hoja de vida unica en word,5000,Low,2,0.16,0.53
formatos de solicitud de vacaciones,5000,Low,1,0.01,1.78
plantilla carta de renuncia word,5000,Low,2,0.01,0.1
plantilla de contrato de alquiler gratis,5000,Low,28,0.18,0.81
plantilla para carta de amor,5000,Low,3,0.33,0.5
plantilla para escribir carta,5000,Low,2,0.12,1
plantillas para cartas bonitas,5000,Low,2,0.05,0.5
plantillas para cartas para imprimir,5000,Low,1,,
plantillas para tarjeta de cumpleaños,5000,Low,16,0.05,0.42